symbol,first_seen_utc,first_seen_date,in_dataset_from_start,days_in_dataset
WLDUSD_PERP,2025-02-13 00:00:00,2025-02-13,True,368
SANDUSD_PERP,2025-02-13 00:00:00,2025-02-13,True,368
AAVEUSD_PERP,2025-02-13 00:00:09,2025-02-13,True,368
ENSUSD_PERP,2025-02-13 00:00:10,2025-02-13,True,368
CHZUSD_PERP,2025-02-13 00:00:11,2025-02-13,True,368
RUNEUSD_PERP,2025-02-13 00:00:12,2025-02-13,True,368
WIFUSD_PERP,2025-02-13 00:00:14,2025-02-13,True,368
EGLDUSD_PERP,2025-02-13 00:00:17,2025-02-13,True,368
AXSUSD_PERP,2025-02-13 00:00:19,2025-02-13,True,368
MANAUSD_PERP,2025-02-13 00:00:21,2025-02-13,True,368
DOGSUSD_PERP,2025-02-13 00:00:22,2025-02-13,True,368
NEARUSD_PERP,2025-02-13 00:00:22,2025-02-13,True,368
THETAUSD_PERP,2025-02-13 00:00:24,2025-02-13,True,368
DOTUSD_PERP,2025-02-13 00:00:25,2025-02-13,True,368
OPUSD_PERP,2025-02-13 00:00:27,2025-02-13,True,368
AVAXUSD_PERP,2025-02-13 00:00:27,2025-02-13,True,368
UNIUSD_PERP,2025-02-13 00:00:29,2025-02-13,True,368
ALGOUSD_PERP,2025-02-13 00:00:29,2025-02-13,True,368
BTCUSD_PERP,2025-02-13 00:00:30,2025-02-13,True,368
XRPUSD_PERP,2025-02-13 00:00:30,2025-02-13,True,368
LTCUSD_PERP,2025-02-13 00:00:33,2025-02-13,True,368
ATOMUSD_PERP,2025-02-13 00:00:33,2025-02-13,True,368
BNBUSD_PERP,2025-02-13 00:00:33,2025-02-13,True,368
LINKUSD_PERP,2025-02-13 00:00:34,2025-02-13,True,368
FILUSD_PERP,2025-02-13 00:00:35,2025-02-13,True,368
SUIUSD_PERP,2025-02-13 00:00:35,2025-02-13,True,368
EOSUSD_PERP,2025-02-13 00:00:35,2025-02-13,True,368
GMTUSD_PERP,2025-02-13 00:00:35,2025-02-13,True,368
XLMUSD_PERP,2025-02-13 00:00:36,2025-02-13,True,368
XRPUSDC,2025-02-13 00:00:41,2025-02-13,True,368
BCHUSD_PERP,2025-02-13 00:00:41,2025-02-13,True,368
APTUSD_PERP,2025-02-13 00:00:41,2025-02-13,True,368
DEGENUSDT,2025-02-13 00:00:41,2025-02-13,True,368
HIPPOUSDT,2025-02-13 00:00:41,2025-02-13,True,368
AKTUSDT,2025-02-13 00:00:41,2025-02-13,True,368
SLERFUSDT,2025-02-13 00:00:41,2025-02-13,True,368
DOGEUSD_PERP,2025-02-13 00:00:41,2025-02-13,True,368
ETCUSD_PERP,2025-02-13 00:00:42,2025-02-13,True,368
RDNTUSDT,2025-02-13 00:00:42,2025-02-13,True,368
NEOUSDC,2025-02-13 00:00:43,2025-02-13,True,368
REZUSDT,2025-02-13 00:00:43,2025-02-13,True,368
ARBUSDC,2025-02-13 00:00:43,2025-02-13,True,368
ENJUSDT,2025-02-13 00:00:43,2025-02-13,True,368
SOLVUSDT,2025-02-13 00:00:43,2025-02-13,True,368
1000XUSDT,2025-02-13 00:00:43,2025-02-13,True,368
ETHBTC,2025-02-13 00:00:43,2025-02-13,True,368
SCRTUSDT,2025-02-13 00:00:43,2025-02-13,True,368
ORDIUSDC,2025-02-13 00:00:43,2025-02-13,True,368
1000XECUSDT,2025-02-13 00:00:43,2025-02-13,True,368
DFUSDT,2025-02-13 00:00:43,2025-02-13,True,368
SFPUSDT,2025-02-13 00:00:44,2025-02-13,True,368
TIAUSDC,2025-02-13 00:00:44,2025-02-13,True,368
KNCUSDT,2025-02-13 00:00:45,2025-02-13,True,368
AUCTIONUSDT,2025-02-13 00:00:45,2025-02-13,True,368
BOMEUSDC,2025-02-13 00:00:45,2025-02-13,True,368
ETHWUSDT,2025-02-13 00:00:45,2025-02-13,True,368
NFPUSDT,2025-02-13 00:00:45,2025-02-13,True,368
ZECUSDT,2025-02-13 00:00:46,2025-02-13,True,368
CHESSUSDT,2025-02-13 00:00:46,2025-02-13,True,368
EGLDUSDT,2025-02-13 00:00:46,2025-02-13,True,368
XTZUSDT,2025-02-13 00:00:46,2025-02-13,True,368
1000SHIBUSDC,2025-02-13 00:00:46,2025-02-13,True,368
ADAUSD_PERP,2025-02-13 00:00:46,2025-02-13,True,368
CYBERUSDT,2025-02-13 00:00:47,2025-02-13,True,368
ORCAUSDT,2025-02-13 00:00:47,2025-02-13,True,368
AVAXUSDC,2025-02-13 00:00:47,2025-02-13,True,368
SXPUSDT,2025-02-13 00:00:47,2025-02-13,True,368
RONINUSDT,2025-02-13 00:00:47,2025-02-13,True,368
RLCUSDT,2025-02-13 00:00:47,2025-02-13,True,368
LTCUSDC,2025-02-13 00:00:47,2025-02-13,True,368
BCHUSDC,2025-02-13 00:00:47,2025-02-13,True,368
CTSIUSDT,2025-02-13 00:00:48,2025-02-13,True,368
HIFIUSDT,2025-02-13 00:00:48,2025-02-13,True,368
ZILUSDT,2025-02-13 00:00:48,2025-02-13,True,368
VIDTUSDT,2025-02-13 00:00:48,2025-02-13,True,368
GLMUSDT,2025-02-13 00:00:48,2025-02-13,True,368
JOEUSDT,2025-02-13 00:00:48,2025-02-13,True,368
SAGAUSDT,2025-02-13 00:00:48,2025-02-13,True,368
IOTAUSDT,2025-02-13 00:00:49,2025-02-13,True,368
CKBUSDT,2025-02-13 00:00:49,2025-02-13,True,368
AVAUSDT,2025-02-13 00:00:49,2025-02-13,True,368
SYSUSDT,2025-02-13 00:00:49,2025-02-13,True,368
WAXPUSDT,2025-02-13 00:00:49,2025-02-13,True,368
BNBUSDC,2025-02-13 00:00:49,2025-02-13,True,368
PIXELUSDT,2025-02-13 00:00:49,2025-02-13,True,368
MTLUSDT,2025-02-13 00:00:49,2025-02-13,True,368
GOATUSDT,2025-02-13 00:00:50,2025-02-13,True,368
CFXUSDT,2025-02-13 00:00:50,2025-02-13,True,368
MYROUSDT,2025-02-13 00:00:50,2025-02-13,True,368
BCHUSDT,2025-02-13 00:00:50,2025-02-13,True,368
SONICUSDT,2025-02-13 00:00:50,2025-02-13,True,368
ALGOUSDT,2025-02-13 00:00:50,2025-02-13,True,368
ATAUSDT,2025-02-13 00:00:50,2025-02-13,True,368
USDCUSDT,2025-02-13 00:00:50,2025-02-13,True,368
C98USDT,2025-02-13 00:00:50,2025-02-13,True,368
PERPUSDT,2025-02-13 00:00:50,2025-02-13,True,368
PHBUSDT,2025-02-13 00:00:51,2025-02-13,True,368
PONKEUSDT,2025-02-13 00:00:51,2025-02-13,True,368
JASMYUSDT,2025-02-13 00:00:51,2025-02-13,True,368
UMAUSDT,2025-02-13 00:00:51,2025-02-13,True,368
EOSUSDT,2025-02-13 00:00:51,2025-02-13,True,368
ILVUSDT,2025-02-13 00:00:51,2025-02-13,True,368
ZETAUSDT,2025-02-13 00:00:51,2025-02-13,True,368
GTCUSDT,2025-02-13 00:00:51,2025-02-13,True,368
MOVRUSDT,2025-02-13 00:00:51,2025-02-13,True,368
BANDUSDT,2025-02-13 00:00:51,2025-02-13,True,368
FLMUSDT,2025-02-13 00:00:51,2025-02-13,True,368
OGNUSDT,2025-02-13 00:00:51,2025-02-13,True,368
ENAUSDC,2025-02-13 00:00:51,2025-02-13,True,368
SOLUSD_PERP,2025-02-13 00:00:52,2025-02-13,True,368
SSVUSDT,2025-02-13 00:00:52,2025-02-13,True,368
BSVUSDT,2025-02-13 00:00:52,2025-02-13,True,368
REIUSDT,2025-02-13 00:00:52,2025-02-13,True,368
DYMUSDT,2025-02-13 00:00:52,2025-02-13,True,368
ARPAUSDT,2025-02-13 00:00:52,2025-02-13,True,368
AERGOUSDT,2025-02-13 00:00:52,2025-02-13,True,368
AEVOUSDT,2025-02-13 00:00:52,2025-02-13,True,368
DRIFTUSDT,2025-02-13 00:00:52,2025-02-13,True,368
MBOXUSDT,2025-02-13 00:00:52,2025-02-13,True,368
ZRXUSDT,2025-02-13 00:00:52,2025-02-13,True,368
EDUUSDT,2025-02-13 00:00:52,2025-02-13,True,368
BATUSDT,2025-02-13 00:00:52,2025-02-13,True,368
LUMIAUSDT,2025-02-13 00:00:52,2025-02-13,True,368
ALPHAUSDT,2025-02-13 00:00:52,2025-02-13,True,368
ALTUSDT,2025-02-13 00:00:52,2025-02-13,True,368
ACXUSDT,2025-02-13 00:00:52,2025-02-13,True,368
LPTUSDT,2025-02-13 00:00:52,2025-02-13,True,368
KSMUSDT,2025-02-13 00:00:52,2025-02-13,True,368
KAIAUSDT,2025-02-13 00:00:52,2025-02-13,True,368
AVAXUSDT,2025-02-13 00:00:52,2025-02-13,True,368
RSRUSDT,2025-02-13 00:00:52,2025-02-13,True,368
STORJUSDT,2025-02-13 00:00:52,2025-02-13,True,368
BADGERUSDT,2025-02-13 00:00:52,2025-02-13,True,368
NEOUSDT,2025-02-13 00:00:52,2025-02-13,True,368
HMSTRUSDT,2025-02-13 00:00:52,2025-02-13,True,368
WUSDT,2025-02-13 00:00:52,2025-02-13,True,368
SANTOSUSDT,2025-02-13 00:00:52,2025-02-13,True,368
DASHUSDT,2025-02-13 00:00:53,2025-02-13,True,368
SOLUSDC,2025-02-13 00:00:53,2025-02-13,True,368
CHILLGUYUSDT,2025-02-13 00:00:53,2025-02-13,True,368
SCRUSDT,2025-02-13 00:00:53,2025-02-13,True,368
DYDXUSDT,2025-02-13 00:00:53,2025-02-13,True,368
ETHUSDC,2025-02-13 00:00:53,2025-02-13,True,368
WOOUSDT,2025-02-13 00:00:53,2025-02-13,True,368
CHZUSDT,2025-02-13 00:00:53,2025-02-13,True,368
SNXUSDT,2025-02-13 00:00:53,2025-02-13,True,368
CRVUSDC,2025-02-13 00:00:53,2025-02-13,True,368
PYTHUSDT,2025-02-13 00:00:53,2025-02-13,True,368
WLDUSDT,2025-02-13 00:00:53,2025-02-13,True,368
IOUSDT,2025-02-13 00:00:53,2025-02-13,True,368
KDAUSDT,2025-02-13 00:00:53,2025-02-13,True,368
VANRYUSDT,2025-02-13 00:00:53,2025-02-13,True,368
VANAUSDT,2025-02-13 00:00:53,2025-02-13,True,368
LINAUSDT,2025-02-13 00:00:53,2025-02-13,True,368
AMBUSDT,2025-02-13 00:00:53,2025-02-13,True,368
LQTYUSDT,2025-02-13 00:00:53,2025-02-13,True,368
IOTXUSDT,2025-02-13 00:00:53,2025-02-13,True,368
ALCHUSDT,2025-02-13 00:00:53,2025-02-13,True,368
MANAUSDT,2025-02-13 00:00:53,2025-02-13,True,368
AGLDUSDT,2025-02-13 00:00:53,2025-02-13,True,368
AEROUSDT,2025-02-13 00:00:53,2025-02-13,True,368
METISUSDT,2025-02-13 00:00:53,2025-02-13,True,368
MKRUSDT,2025-02-13 00:00:53,2025-02-13,True,368
MOCAUSDT,2025-02-13 00:00:53,2025-02-13,True,368
NEARUSDC,2025-02-13 00:00:53,2025-02-13,True,368
SWELLUSDT,2025-02-13 00:00:53,2025-02-13,True,368
SUIUSDC,2025-02-13 00:00:53,2025-02-13,True,368
ARBUSDT,2025-02-13 00:00:53,2025-02-13,True,368
STEEMUSDT,2025-02-13 00:00:53,2025-02-13,True,368
BANUSDT,2025-02-13 00:00:53,2025-02-13,True,368
FILUSDC,2025-02-13 00:00:53,2025-02-13,True,368
UNIUSDT,2025-02-13 00:00:54,2025-02-13,True,368
PENDLEUSDT,2025-02-13 00:00:54,2025-02-13,True,368
FIOUSDT,2025-02-13 00:00:54,2025-02-13,True,368
FILUSDT,2025-02-13 00:00:54,2025-02-13,True,368
OPUSDT,2025-02-13 00:00:54,2025-02-13,True,368
DOTUSDT,2025-02-13 00:00:54,2025-02-13,True,368
VIRTUALUSDT,2025-02-13 00:00:54,2025-02-13,True,368
NEARUSDT,2025-02-13 00:00:54,2025-02-13,True,368
RUNEUSDT,2025-02-13 00:00:54,2025-02-13,True,368
TWTUSDT,2025-02-13 00:00:54,2025-02-13,True,368
NTRNUSDT,2025-02-13 00:00:54,2025-02-13,True,368
NULSUSDT,2025-02-13 00:00:54,2025-02-13,True,368
DOGSUSDT,2025-02-13 00:00:54,2025-02-13,True,368
FLUXUSDT,2025-02-13 00:00:54,2025-02-13,True,368
GALAUSDT,2025-02-13 00:00:54,2025-02-13,True,368
GASUSDT,2025-02-13 00:00:54,2025-02-13,True,368
ETHFIUSDT,2025-02-13 00:00:54,2025-02-13,True,368
ETHFIUSDC,2025-02-13 00:00:54,2025-02-13,True,368
GRASSUSDT,2025-02-13 00:00:54,2025-02-13,True,368
MAGICUSDT,2025-02-13 00:00:54,2025-02-13,True,368
QUICKUSDT,2025-02-13 00:00:54,2025-02-13,True,368
HFTUSDT,2025-02-13 00:00:54,2025-02-13,True,368
EIGENUSDT,2025-02-13 00:00:54,2025-02-13,True,368
ETCUSDT,2025-02-13 00:00:54,2025-02-13,True,368
FETUSDT,2025-02-13 00:00:54,2025-02-13,True,368
KMNOUSDT,2025-02-13 00:00:54,2025-02-13,True,368
VELODROMEUSDT,2025-02-13 00:00:54,2025-02-13,True,368
VOXELUSDT,2025-02-13 00:00:54,2025-02-13,True,368
HOTUSDT,2025-02-13 00:00:54,2025-02-13,True,368
IMXUSDT,2025-02-13 00:00:54,2025-02-13,True,368
IOSTUSDT,2025-02-13 00:00:54,2025-02-13,True,368
DOGEUSDC,2025-02-13 00:00:54,2025-02-13,True,368
OMNIUSDT,2025-02-13 00:00:54,2025-02-13,True,368
BTCUSDC,2025-02-13 00:00:54,2025-02-13,True,368
COMPUSDT,2025-02-13 00:00:54,2025-02-13,True,368
1000LUNCUSDT,2025-02-13 00:00:54,2025-02-13,True,368
ARUSDT,2025-02-13 00:00:54,2025-02-13,True,368
BIOUSDT,2025-02-13 00:00:54,2025-02-13,True,368
SPELLUSDT,2025-02-13 00:00:54,2025-02-13,True,368
CRVUSDT,2025-02-13 00:00:54,2025-02-13,True,368
BIGTIMEUSDT,2025-02-13 00:00:54,2025-02-13,True,368
AXLUSDT,2025-02-13 00:00:54,2025-02-13,True,368
THETAUSDT,2025-02-13 00:00:54,2025-02-13,True,368
1000SATSUSDT,2025-02-13 00:00:54,2025-02-13,True,368
CELOUSDT,2025-02-13 00:00:54,2025-02-13,True,368
1INCHUSDT,2025-02-13 00:00:54,2025-02-13,True,368
BEAMXUSDT,2025-02-13 00:00:54,2025-02-13,True,368
1000000MOGUSDT,2025-02-13 00:00:54,2025-02-13,True,368
CATIUSDT,2025-02-13 00:00:54,2025-02-13,True,368
STRKUSDT,2025-02-13 00:00:54,2025-02-13,True,368
BRETTUSDT,2025-02-13 00:00:54,2025-02-13,True,368
BALUSDT,2025-02-13 00:00:54,2025-02-13,True,368
BANANAUSDT,2025-02-13 00:00:54,2025-02-13,True,368
FLOWUSDT,2025-02-13 00:00:55,2025-02-13,True,368
ACHUSDT,2025-02-13 00:00:55,2025-02-13,True,368
USUALUSDT,2025-02-13 00:00:55,2025-02-13,True,368
WIFUSDT,2025-02-13 00:00:55,2025-02-13,True,368
POWRUSDT,2025-02-13 00:00:55,2025-02-13,True,368
LEVERUSDT,2025-02-13 00:00:55,2025-02-13,True,368
LOKAUSDT,2025-02-13 00:00:55,2025-02-13,True,368
SWARMSUSDT,2025-02-13 00:00:55,2025-02-13,True,368
GUSDT,2025-02-13 00:00:55,2025-02-13,True,368
RAYSOLUSDT,2025-02-13 00:00:55,2025-02-13,True,368
YFIUSDT,2025-02-13 00:00:55,2025-02-13,True,368
ALICEUSDT,2025-02-13 00:00:55,2025-02-13,True,368
BELUSDT,2025-02-13 00:00:55,2025-02-13,True,368
BBUSDT,2025-02-13 00:00:55,2025-02-13,True,368
HIGHUSDT,2025-02-13 00:00:55,2025-02-13,True,368
BICOUSDT,2025-02-13 00:00:55,2025-02-13,True,368
GMTUSDT,2025-02-13 00:00:55,2025-02-13,True,368
MAVUSDT,2025-02-13 00:00:55,2025-02-13,True,368
YGGUSDT,2025-02-13 00:00:55,2025-02-13,True,368
HIVEUSDT,2025-02-13 00:00:55,2025-02-13,True,368
MELANIAUSDT,2025-02-13 00:00:55,2025-02-13,True,368
LINKUSDC,2025-02-13 00:00:55,2025-02-13,True,368
WIFUSDC,2025-02-13 00:00:55,2025-02-13,True,368
XVSUSDT,2025-02-13 00:00:55,2025-02-13,True,368
HBARUSDT,2025-02-13 00:00:55,2025-02-13,True,368
COOKIEUSDT,2025-02-13 00:00:55,2025-02-13,True,368
SUNUSDT,2025-02-13 00:00:55,2025-02-13,True,368
COWUSDT,2025-02-13 00:00:55,2025-02-13,True,368
SEIUSDT,2025-02-13 00:00:55,2025-02-13,True,368
ONGUSDT,2025-02-13 00:00:55,2025-02-13,True,368
RAREUSDT,2025-02-13 00:00:55,2025-02-13,True,368
DUSDT,2025-02-13 00:00:55,2025-02-13,True,368
ENSUSDT,2025-02-13 00:00:55,2025-02-13,True,368
COMBOUSDT,2025-02-13 00:00:55,2025-02-13,True,368
XMRUSDT,2025-02-13 00:00:55,2025-02-13,True,368
ZENUSDT,2025-02-13 00:00:55,2025-02-13,True,368
NMRUSDT,2025-02-13 00:00:55,2025-02-13,True,368
POLYXUSDT,2025-02-13 00:00:55,2025-02-13,True,368
1000RATSUSDT,2025-02-13 00:00:55,2025-02-13,True,368
ATOMUSDT,2025-02-13 00:00:55,2025-02-13,True,368
CELRUSDT,2025-02-13 00:00:55,2025-02-13,True,368
ETHUSD_PERP,2025-02-13 00:00:55,2025-02-13,True,368
DENTUSDT,2025-02-13 00:00:55,2025-02-13,True,368
APTUSDT,2025-02-13 00:00:55,2025-02-13,True,368
ZEREBROUSDT,2025-02-13 00:00:55,2025-02-13,True,368
DIAUSDT,2025-02-13 00:00:55,2025-02-13,True,368
TIAUSDT,2025-02-13 00:00:55,2025-02-13,True,368
AXSUSDT,2025-02-13 00:00:55,2025-02-13,True,368
XAIUSDT,2025-02-13 00:00:55,2025-02-13,True,368
KASUSDT,2025-02-13 00:00:56,2025-02-13,True,368
LRCUSDT,2025-02-13 00:00:56,2025-02-13,True,368
LSKUSDT,2025-02-13 00:00:56,2025-02-13,True,368
UXLINKUSDT,2025-02-13 00:00:56,2025-02-13,True,368
ARKMUSDT,2025-02-13 00:00:56,2025-02-13,True,368
SUPERUSDT,2025-02-13 00:00:56,2025-02-13,True,368
SUSDT,2025-02-13 00:00:56,2025-02-13,True,368
ANIMEUSDT,2025-02-13 00:00:56,2025-02-13,True,368
KOMAUSDT,2025-02-13 00:00:56,2025-02-13,True,368
LISTAUSDT,2025-02-13 00:00:56,2025-02-13,True,368
ARCUSDT,2025-02-13 00:00:56,2025-02-13,True,368
ANKRUSDT,2025-02-13 00:00:56,2025-02-13,True,368
API3USDT,2025-02-13 00:00:56,2025-02-13,True,368
LINKUSDT,2025-02-13 00:00:56,2025-02-13,True,368
LDOUSDT,2025-02-13 00:00:56,2025-02-13,True,368
APEUSDT,2025-02-13 00:00:56,2025-02-13,True,368
KAVAUSDT,2025-02-13 00:00:56,2025-02-13,True,368
DOGEUSDT,2025-02-13 00:00:56,2025-02-13,True,368
TAOUSDT,2025-02-13 00:00:56,2025-02-13,True,368
LTCUSDT,2025-02-13 00:00:56,2025-02-13,True,368
ZROUSDT,2025-02-13 00:00:56,2025-02-13,True,368
1MBABYDOGEUSDT,2025-02-13 00:00:56,2025-02-13,True,368
TURBOUSDT,2025-02-13 00:00:56,2025-02-13,True,368
1000SHIBUSDT,2025-02-13 00:00:56,2025-02-13,True,368
1000PEPEUSDT,2025-02-13 00:00:56,2025-02-13,True,368
1000PEPEUSDC,2025-02-13 00:00:56,2025-02-13,True,368
NEIROUSDT,2025-02-13 00:00:56,2025-02-13,True,368
1000FLOKIUSDT,2025-02-13 00:00:56,2025-02-13,True,368
1000CHEEMSUSDT,2025-02-13 00:00:56,2025-02-13,True,368
1000CATUSDT,2025-02-13 00:00:56,2025-02-13,True,368
1000BONKUSDT,2025-02-13 00:00:56,2025-02-13,True,368
ONTUSDT,2025-02-13 00:00:56,2025-02-13,True,368
NKNUSDT,2025-02-13 00:00:56,2025-02-13,True,368
NOTUSDT,2025-02-13 00:00:56,2025-02-13,True,368
1000BONKUSDC,2025-02-13 00:00:56,2025-02-13,True,368
ONEUSDT,2025-02-13 00:00:56,2025-02-13,True,368
ONDOUSDT,2025-02-13 00:00:56,2025-02-13,True,368
THEUSDT,2025-02-13 00:00:56,2025-02-13,True,368
MOVEUSDT,2025-02-13 00:00:56,2025-02-13,True,368
MORPHOUSDT,2025-02-13 00:00:56,2025-02-13,True,368
MOODENGUSDT,2025-02-13 00:00:56,2025-02-13,True,368
USTCUSDT,2025-02-13 00:00:56,2025-02-13,True,368
AIUSDT,2025-02-13 00:00:56,2025-02-13,True,368
SYNUSDT,2025-02-13 00:00:56,2025-02-13,True,368
MANTAUSDT,2025-02-13 00:00:56,2025-02-13,True,368
MASKUSDT,2025-02-13 00:00:56,2025-02-13,True,368
ZKUSDT,2025-02-13 00:00:56,2025-02-13,True,368
AI16ZUSDT,2025-02-13 00:00:56,2025-02-13,True,368
JUPUSDT,2025-02-13 00:00:56,2025-02-13,True,368
ALPACAUSDT,2025-02-13 00:00:56,2025-02-13,True,368
MEMEUSDT,2025-02-13 00:00:56,2025-02-13,True,368
ADAUSDT,2025-02-13 00:00:56,2025-02-13,True,368
MEWUSDT,2025-02-13 00:00:56,2025-02-13,True,368
PENGUUSDT,2025-02-13 00:00:56,2025-02-13,True,368
ACTUSDT,2025-02-13 00:00:56,2025-02-13,True,368
OXTUSDT,2025-02-13 00:00:56,2025-02-13,True,368
ORDIUSDT,2025-02-13 00:00:56,2025-02-13,True,368
ACEUSDT,2025-02-13 00:00:56,2025-02-13,True,368
AAVEUSDT,2025-02-13 00:00:56,2025-02-13,True,368
PEOPLEUSDT,2025-02-13 00:00:56,2025-02-13,True,368
JTOUSDT,2025-02-13 00:00:56,2025-02-13,True,368
INJUSDT,2025-02-13 00:00:56,2025-02-13,True,368
ASTRUSDT,2025-02-13 00:00:56,2025-02-13,True,368
FARTCOINUSDT,2025-02-13 00:00:56,2025-02-13,True,368
BTCDOMUSDT,2025-02-13 00:00:56,2025-02-13,True,368
FIDAUSDT,2025-02-13 00:00:56,2025-02-13,True,368
WLDUSDC,2025-02-13 00:00:56,2025-02-13,True,368
BSWUSDT,2025-02-13 00:00:56,2025-02-13,True,368
BOMEUSDT,2025-02-13 00:00:56,2025-02-13,True,368
BNXUSDT,2025-02-13 00:00:56,2025-02-13,True,368
RIFUSDT,2025-02-13 00:00:56,2025-02-13,True,368
BNTUSDT,2025-02-13 00:00:56,2025-02-13,True,368
BNBUSDT,2025-02-13 00:00:56,2025-02-13,True,368
BLURUSDT,2025-02-13 00:00:56,2025-02-13,True,368
RENDERUSDT,2025-02-13 00:00:56,2025-02-13,True,368
XVGUSDT,2025-02-13 00:00:56,2025-02-13,True,368
GHSTUSDT,2025-02-13 00:00:56,2025-02-13,True,368
SPXUSDT,2025-02-13 00:00:56,2025-02-13,True,368
BTCUSDT,2025-02-13 00:00:56,2025-02-13,True,368
GMXUSDT,2025-02-13 00:00:56,2025-02-13,True,368
SOLUSDT,2025-02-13 00:00:56,2025-02-13,True,368
ETHUSDT,2025-02-13 00:00:56,2025-02-13,True,368
RVNUSDT,2025-02-13 00:00:56,2025-02-13,True,368
DEXEUSDT,2025-02-13 00:00:56,2025-02-13,True,368
DEGOUSDT,2025-02-13 00:00:56,2025-02-13,True,368
SAFEUSDT,2025-02-13 00:00:56,2025-02-13,True,368
SANDUSDT,2025-02-13 00:00:56,2025-02-13,True,368
OMUSDT,2025-02-13 00:00:56,2025-02-13,True,368
XLMUSDT,2025-02-13 00:00:56,2025-02-13,True,368
COTIUSDT,2025-02-13 00:00:56,2025-02-13,True,368
COSUSDT,2025-02-13 00:00:56,2025-02-13,True,368
ENAUSDT,2025-02-13 00:00:56,2025-02-13,True,368
ROSEUSDT,2025-02-13 00:00:56,2025-02-13,True,368
CHRUSDT,2025-02-13 00:00:56,2025-02-13,True,368
CGPTUSDT,2025-02-13 00:00:56,2025-02-13,True,368
CETUSUSDT,2025-02-13 00:00:56,2025-02-13,True,368
XRPUSDT,2025-02-13 00:00:56,2025-02-13,True,368
CAKEUSDT,2025-02-13 00:00:56,2025-02-13,True,368
GRTUSDT,2025-02-13 00:00:56,2025-02-13,True,368
FXSUSDT,2025-02-13 00:00:56,2025-02-13,True,368
ICXUSDT,2025-02-13 00:00:56,2025-02-13,True,368
DODOXUSDT,2025-02-13 00:00:56,2025-02-13,True,368
IDUSDT,2025-02-13 00:00:56,2025-02-13,True,368
POPCATUSDT,2025-02-13 00:00:56,2025-02-13,True,368
ICPUSDT,2025-02-13 00:00:56,2025-02-13,True,368
PORTALUSDT,2025-02-13 00:00:56,2025-02-13,True,368
PROMUSDT,2025-02-13 00:00:56,2025-02-13,True,368
STMXUSDT,2025-02-13 00:00:56,2025-02-13,True,368
HOOKUSDT,2025-02-13 00:00:56,2025-02-13,True,368
QNTUSDT,2025-02-13 00:00:56,2025-02-13,True,368
STXUSDT,2025-02-13 00:00:56,2025-02-13,True,368
QTUMUSDT,2025-02-13 00:00:56,2025-02-13,True,368
SUIUSDT,2025-02-13 00:00:56,2025-02-13,True,368
AVAAIUSDT,2025-02-13 00:00:56,2025-02-13,True,368
POLUSDT,2025-02-13 00:00:56,2025-02-13,True,368
VTHOUSDT,2025-02-13 00:00:56,2025-02-13,True,368
VETUSDT,2025-02-13 00:00:56,2025-02-13,True,368
PIPPINUSDT,2025-02-13 00:00:57,2025-02-13,True,368
RPLUSDT,2025-02-13 00:00:57,2025-02-13,True,368
TUSDT,2025-02-13 00:00:57,2025-02-13,True,368
MEUSDT,2025-02-13 00:00:57,2025-02-13,True,368
VINEUSDT,2025-02-13 00:00:57,2025-02-13,True,368
VVVUSDT,2025-02-13 00:00:57,2025-02-13,True,368
LAYERUSDT,2025-02-13 00:00:57,2025-02-13,True,368
PHAUSDT,2025-02-13 00:00:57,2025-02-13,True,368
AIXBTUSDT,2025-02-13 00:00:57,2025-02-13,True,368
BERAUSDT,2025-02-13 00:00:57,2025-02-13,True,368
GRIFFAINUSDT,2025-02-13 00:00:57,2025-02-13,True,368
NEIROETHUSDT,2025-02-13 00:00:57,2025-02-13,True,368
PNUTUSDT,2025-02-13 00:00:57,2025-02-13,True,368
MINAUSDT,2025-02-13 00:00:58,2025-02-13,True,368
DEFIUSDT,2025-02-13 00:00:59,2025-02-13,True,368
DUSKUSDT,2025-02-13 00:00:59,2025-02-13,True,368
STGUSDT,2025-02-13 00:00:59,2025-02-13,True,368
SKLUSDT,2025-02-13 00:00:59,2025-02-13,True,368
ARKUSDT,2025-02-13 00:01:00,2025-02-13,True,368
BAKEUSDT,2025-02-13 00:01:00,2025-02-13,True,368
HEIUSDT,2025-02-13 09:00:55,2025-02-13,True,368
B3USDT,2025-02-13 11:30:55,2025-02-13,True,368
IPUSDT,2025-02-13 17:00:55,2025-02-13,True,368
TRXUSD_PERP,2025-02-14 00:00:00,2025-02-14,False,367
TRUUSDT,2025-02-14 00:00:46,2025-02-14,False,367
TLMUSDT,2025-02-14 00:00:46,2025-02-14,False,367
TOKENUSDT,2025-02-14 00:00:50,2025-02-14,False,367
TNSRUSDT,2025-02-14 00:00:53,2025-02-14,False,367
TONUSDT,2025-02-14 00:00:53,2025-02-14,False,367
SUSHIUSDT,2025-02-14 00:00:54,2025-02-14,False,367
TRXUSDT,2025-02-14 00:00:54,2025-02-14,False,367
TRBUSDT,2025-02-14 00:00:54,2025-02-14,False,367
TRUMPUSDT,2025-02-14 00:00:55,2025-02-14,False,367
TROYUSDT,2025-02-14 00:00:59,2025-02-14,False,367
TSTUSDT,2025-02-14 00:00:59,2025-02-14,False,367
GPSUSDT,2025-02-17 17:00:58,2025-02-17,False,364
SHELLUSDT,2025-02-17 17:15:55,2025-02-17,False,364
KAITOUSDT,2025-02-20 13:00:56,2025-02-20,False,361
KAITOUSDC,2025-03-05 10:09:55,2025-03-05,False,348
IPUSDC,2025-03-05 10:20:54,2025-03-05,False,348
TRUMPUSDC,2025-03-06 10:01:58,2025-03-06,False,347
ADAUSDC,2025-03-06 10:18:09,2025-03-06,False,347
REDUSDT,2025-03-06 16:00:56,2025-03-06,False,347
PNUTUSDC,2025-03-07 10:02:24,2025-03-07,False,346
HBARUSDC,2025-03-07 10:17:29,2025-03-07,False,346
VICUSDT,2025-03-12 17:00:57,2025-03-12,False,341
EPICUSDT,2025-03-13 08:00:55,2025-03-13,False,340
BMTUSDT,2025-03-17 13:30:53,2025-03-17,False,336
MUBARAKUSDT,2025-03-17 13:45:56,2025-03-17,False,336
FORMUSDT,2025-03-19 08:00:56,2025-03-19,False,334
TUTUSDT,2025-03-20 09:22:55,2025-03-20,False,333
BIDUSDT,2025-03-20 09:30:55,2025-03-20,False,333
BROCCOLI714USDT,2025-03-21 09:00:53,2025-03-21,False,332
BROCCOLIF3BUSDT,2025-03-21 09:15:57,2025-03-21,False,332
BRUSDT,2025-03-21 12:52:59,2025-03-21,False,332
PLUMEUSDT,2025-03-21 13:00:56,2025-03-21,False,332
SIRENUSDT,2025-03-22 09:00:59,2025-03-22,False,331
BANANAS31USDT,2025-03-22 09:15:57,2025-03-22,False,331
NILUSDT,2025-03-24 13:00:55,2025-03-24,False,329
PARTIUSDT,2025-03-25 13:22:55,2025-03-25,False,328
JELLYJELLYUSDT,2025-03-26 16:00:56,2025-03-26,False,327
MAVIAUSDT,2025-03-26 17:01:54,2025-03-26,False,327
PAXGUSDT,2025-03-27 10:30:55,2025-03-27,False,326
WALUSDT,2025-03-27 15:30:56,2025-03-27,False,326
FUNUSDT,2025-03-31 08:30:54,2025-03-31,False,322
MLNUSDT,2025-03-31 08:45:56,2025-03-31,False,322
GUNUSDT,2025-03-31 13:00:58,2025-03-31,False,322
ATHUSDT,2025-04-02 15:45:14,2025-04-02,False,320
BABYUSDT,2025-04-05 13:30:54,2025-04-05,False,317
FORTHUSDT,2025-04-08 08:31:00,2025-04-08,False,314
PROMPTUSDT,2025-04-11 06:30:58,2025-04-11,False,311
XCNUSDT,2025-04-11 15:30:56,2025-04-11,False,311
STOUSDT,2025-04-12 14:51:56,2025-04-12,False,310
PUMPUSDT,2025-04-12 14:51:58,2025-04-12,False,310
FHEUSDT,2025-04-12 15:00:57,2025-04-12,False,310
KERNELUSDT,2025-04-14 12:00:58,2025-04-14,False,308
WCTUSDT,2025-04-15 11:00:56,2025-04-15,False,307
INITUSDT,2025-04-16 06:30:59,2025-04-16,False,306
BANKUSDT,2025-04-18 18:30:54,2025-04-18,False,304
EPTUSDT,2025-04-21 13:00:57,2025-04-21,False,301
DEEPUSDT,2025-04-22 08:30:54,2025-04-22,False,300
HYPERUSDT,2025-04-22 13:21:56,2025-04-22,False,300
MEMEFIUSDT,2025-04-25 07:21:58,2025-04-25,False,297
FISUSDT,2025-04-25 07:30:53,2025-04-25,False,297
JSTUSDT,2025-04-28 09:30:56,2025-04-28,False,294
SIGNUSDT,2025-04-28 11:01:56,2025-04-28,False,294
PUNDIXUSDT,2025-04-30 10:00:55,2025-04-30,False,292
CTKUSDT,2025-04-30 10:15:58,2025-04-30,False,292
AIOTUSDT,2025-04-30 12:30:57,2025-04-30,False,292
DOLOUSDT,2025-05-01 03:00:55,2025-05-01,False,291
HAEDALUSDT,2025-05-01 03:15:56,2025-05-01,False,291
SXTUSDT,2025-05-02 08:30:54,2025-05-02,False,290
ASRUSDT,2025-05-06 09:30:57,2025-05-06,False,286
ALPINEUSDT,2025-05-06 09:45:58,2025-05-06,False,286
B2USDT,2025-05-06 13:31:56,2025-05-06,False,286
MILKUSDT,2025-05-06 13:46:57,2025-05-06,False,286
SYRUPUSDT,2025-05-07 08:30:01,2025-05-07,False,285
OBOLUSDT,2025-05-07 10:30:58,2025-05-07,False,285
DOODUSDT,2025-05-09 13:30:56,2025-05-09,False,283
OGUSDT,2025-05-12 09:00:57,2025-05-12,False,280
ZKJUSDT,2025-05-13 09:30:58,2025-05-13,False,279
SKYAIUSDT,2025-05-13 09:45:58,2025-05-13,False,279
NXPCUSDT,2025-05-15 06:30:58,2025-05-15,False,277
CVCUSDT,2025-05-16 08:31:56,2025-05-16,False,276
AGTUSDT,2025-05-20 10:36:55,2025-05-20,False,272
AWEUSDT,2025-05-21 08:00:58,2025-05-21,False,271
BUSDT,2025-05-22 16:30:57,2025-05-22,False,270
SOONUSDT,2025-05-23 08:30:55,2025-05-23,False,269
HUMAUSDT,2025-05-26 13:00:57,2025-05-26,False,266
AUSDT,2025-05-28 08:06:58,2025-05-28,False,264
SOPHUSDT,2025-05-28 13:00:56,2025-05-28,False,264
MERLUSDT,2025-05-29 08:36:56,2025-05-29,False,263
HYPEUSDT,2025-05-30 10:36:57,2025-05-30,False,262
BDXNUSDT,2025-06-03 10:32:58,2025-06-03,False,258
PUFFERUSDT,2025-06-04 08:30:59,2025-06-04,False,257
PORT3USDT,2025-06-04 08:45:56,2025-06-04,False,257
1000000BOBUSDT,2025-06-05 08:32:58,2025-06-05,False,256
LAUSDT,2025-06-05 09:02:56,2025-06-05,False,256
SKATEUSDT,2025-06-09 10:30:05,2025-06-09,False,252
HOMEUSDT,2025-06-10 11:30:59,2025-06-10,False,251
RESOLVUSDT,2025-06-10 13:30:12,2025-06-10,False,251
TAIKOUSDT,2025-06-11 12:30:55,2025-06-11,False,250
SQDUSDT,2025-06-11 12:45:56,2025-06-11,False,250
PUMPBTCUSDT,2025-06-13 10:01:55,2025-06-13,False,248
AAVEUSDC,2025-06-16 08:31:54,2025-06-16,False,245
UNIUSDC,2025-06-16 08:45:56,2025-06-16,False,245
SPKUSDT,2025-06-17 09:00:28,2025-06-17,False,244
MYXUSDT,2025-06-18 12:30:14,2025-06-18,False,243
FUSDT,2025-06-18 12:45:55,2025-06-18,False,243
NEWTUSDT,2025-06-19 14:44:56,2025-06-19,False,242
DMCUSDT,2025-06-24 13:00:58,2025-06-24,False,237
HUSDT,2025-06-25 09:30:57,2025-06-25,False,236
OLUSDT,2025-06-25 11:30:56,2025-06-25,False,236
SAHARAUSDT,2025-06-26 12:00:57,2025-06-26,False,235
ICNTUSDT,2025-07-03 13:00:57,2025-07-03,False,228
BULLAUSDT,2025-07-04 09:00:58,2025-07-04,False,227
IDOLUSDT,2025-07-04 09:18:00,2025-07-04,False,227
MUSDT,2025-07-07 09:31:55,2025-07-07,False,224
TANSSIUSDT,2025-07-09 11:35:57,2025-07-09,False,222
CROSSUSDT,2025-07-10 10:30:58,2025-07-10,False,221
AINUSDT,2025-07-10 10:45:55,2025-07-10,False,221
CUSDT,2025-07-15 09:00:56,2025-07-15,False,216
VELVETUSDT,2025-07-15 09:15:55,2025-07-15,False,216
TACUSDT,2025-07-15 10:30:56,2025-07-15,False,216
ERAUSDT,2025-07-17 15:30:55,2025-07-17,False,214
TAUSDT,2025-07-21 07:30:53,2025-07-21,False,210
LUNA2USDT,2025-07-21 13:03:01,2025-07-21,False,210
PENGUUSDC,2025-07-23 07:30:03,2025-07-23,False,208
CVXUSDT,2025-07-23 11:30:10,2025-07-23,False,208
SLPUSDT,2025-07-23 11:45:00,2025-07-23,False,208
ZORAUSDT,2025-07-25 11:00:33,2025-07-25,False,206
TAGUSDT,2025-07-25 11:15:04,2025-07-25,False,206
ZRCUSDT,2025-07-29 09:45:18,2025-07-29,False,202
ESPORTSUSDT,2025-07-29 10:00:04,2025-07-29,False,202
TREEUSDT,2025-07-29 14:00:04,2025-07-29,False,202
A2ZUSDT,2025-07-30 08:00:24,2025-07-30,False,201
PLAYUSDT,2025-07-31 09:30:02,2025-07-31,False,200
NAORISUSDT,2025-07-31 12:30:13,2025-07-31,False,200
TOWNSUSDT,2025-08-05 14:30:13,2025-08-05,False,195
PROVEUSDT,2025-08-05 17:00:09,2025-08-05,False,195
ALLUSDT,2025-08-06 09:30:10,2025-08-06,False,194
INUSDT,2025-08-07 10:30:05,2025-08-07,False,193
YALAUSDT,2025-08-07 16:30:18,2025-08-07,False,193
CARVUSDT,2025-08-07 16:45:02,2025-08-07,False,193
AIOUSDT,2025-08-13 11:30:18,2025-08-13,False,187
XNYUSDT,2025-08-13 11:45:13,2025-08-13,False,187
USELESSUSDT,2025-08-15 12:15:20,2025-08-15,False,185
DAMUSDT,2025-08-18 12:30:01,2025-08-18,False,182
CUDISUSDT,2025-08-20 11:15:03,2025-08-20,False,180
SAPIENUSDT,2025-08-20 17:30:00,2025-08-20,False,180
XPLUSDT,2025-08-22 09:30:03,2025-08-22,False,178
WLFIUSDT,2025-08-23 08:36:26,2025-08-23,False,177
BIOUSDC,2025-08-25 07:15:57,2025-08-25,False,175
SOMIUSDT,2025-08-25 11:25:05,2025-08-25,False,175
BASUSDT,2025-08-26 13:30:02,2025-08-26,False,174
BTRUSDT,2025-08-27 10:30:03,2025-08-27,False,173
MITOUSDT,2025-08-28 16:30:08,2025-08-28,False,172
HEMIUSDT,2025-08-29 04:30:08,2025-08-29,False,171
LINEAUSDT,2025-09-01 08:30:16,2025-09-01,False,168
QUSDT,2025-09-02 07:30:03,2025-09-02,False,167
ARIAUSDT,2025-09-03 11:02:24,2025-09-03,False,166
TAKEUSDT,2025-09-03 11:15:22,2025-09-03,False,166
PTBUSDT,2025-09-03 12:31:05,2025-09-03,False,166
WLFIUSDC,2025-09-08 08:31:21,2025-09-08,False,161
OPENUSDT,2025-09-08 13:00:08,2025-09-08,False,161
FLOCKUSDT,2025-09-09 06:49:05,2025-09-09,False,160
SKYUSDT,2025-09-09 07:00:21,2025-09-09,False,160
AVNTUSDT,2025-09-09 15:00:17,2025-09-09,False,160
HOLOUSDT,2025-09-11 12:00:06,2025-09-11,False,158
XPINUSDT,2025-09-12 08:00:27,2025-09-12,False,157
UBUSDT,2025-09-12 10:30:21,2025-09-12,False,157
ZKCUSDT,2025-09-15 14:00:28,2025-09-15,False,154
TOSHIUSDT,2025-09-17 05:30:17,2025-09-17,False,152
STBLUSDT,2025-09-17 05:46:02,2025-09-17,False,152
0GUSDT,2025-09-17 15:45:25,2025-09-17,False,152
AIAUSDT,2025-09-18 08:30:27,2025-09-18,False,151
BARDUSDT,2025-09-18 11:00:03,2025-09-18,False,151
ASTERUSDT,2025-09-19 12:00:28,2025-09-19,False,150
TRADOORUSDT,2025-09-19 12:30:02,2025-09-19,False,150
BLESSUSDT,2025-09-23 09:30:01,2025-09-23,False,146
FLUIDUSDT,2025-09-24 10:15:08,2025-09-24,False,145
COAIUSDT,2025-09-25 07:30:03,2025-09-25,False,144
HANAUSDT,2025-09-26 11:30:07,2025-09-26,False,143
MIRAUSDT,2025-09-26 12:01:12,2025-09-26,False,143
AKEUSDT,2025-09-26 12:30:31,2025-09-26,False,143
ORDERUSDT,2025-09-26 12:45:06,2025-09-26,False,143
LIGHTUSDT,2025-09-27 11:30:12,2025-09-27,False,142
XANUSDT,2025-09-29 10:30:33,2025-09-29,False,140
FFUSDT,2025-09-29 13:30:04,2025-09-29,False,140
EDENUSDT,2025-09-30 11:00:09,2025-09-30,False,139
VFYUSDT,2025-09-30 12:00:23,2025-09-30,False,139
NOMUSDT,2025-10-01 08:00:19,2025-10-01,False,138
TRUTHUSDT,2025-10-01 12:01:06,2025-10-01,False,138
2ZUSDT,2025-10-02 12:33:54,2025-10-02,False,137
EVAAUSDT,2025-10-03 10:32:58,2025-10-03,False,136
LYNUSDT,2025-10-06 07:30:06,2025-10-06,False,133
KGENUSDT,2025-10-07 14:30:11,2025-10-07,False,132
4USDT,2025-10-08 11:30:35,2025-10-08,False,131
GIGGLEUSDT,2025-10-09 09:45:12,2025-10-09,False,130
MONUSDT,2025-10-10 07:18:11,2025-10-10,False,129
YBUSDT,2025-10-10 14:45:54,2025-10-10,False,129
METUSDT,2025-10-11 12:30:13,2025-10-11,False,128
EULUSDT,2025-10-13 14:30:09,2025-10-13,False,126
ENSOUSDT,2025-10-14 09:00:07,2025-10-14,False,125
CLOUSDT,2025-10-14 11:30:19,2025-10-14,False,125
RECALLUSDT,2025-10-15 12:30:09,2025-10-15,False,124
ZBTUSDT,2025-10-17 11:30:20,2025-10-17,False,122
LABUSDT,2025-10-17 14:30:08,2025-10-17,False,122
RIVERUSDT,2025-10-17 14:45:06,2025-10-17,False,122
RVVUSDT,2025-10-18 13:30:02,2025-10-18,False,121
BLUAIUSDT,2025-10-21 11:30:02,2025-10-21,False,118
TURTLEUSDT,2025-10-22 15:00:58,2025-10-22,False,117
APRUSDT,2025-10-23 10:30:03,2025-10-23,False,116
ONUSDT,2025-10-24 08:30:01,2025-10-24,False,115
币安人生USDT,2025-10-25 14:18:53,2025-10-25,False,114
42USDT,2025-10-27 10:30:28,2025-10-27,False,112
COMMONUSDT,2025-10-27 12:30:07,2025-10-27,False,112
KITEUSDT,2025-10-29 10:30:17,2025-10-29,False,110
ATUSDT,2025-10-29 11:30:02,2025-10-29,False,110
CCUSDT,2025-10-31 12:00:24,2025-10-31,False,108
MMTUSDT,2025-11-04 12:00:16,2025-11-04,False,104
TRUSTUSDT,2025-11-05 09:30:04,2025-11-05,False,103
UAIUSDT,2025-11-06 11:30:02,2025-11-06,False,102
STABLEUSDT,2025-11-06 12:00:02,2025-11-06,False,102
FOLKSUSDT,2025-11-06 12:30:03,2025-11-06,False,102
JCTUSDT,2025-11-10 10:30:13,2025-11-10,False,98
ALLOUSDT,2025-11-11 14:01:32,2025-11-11,False,97
CLANKERUSDT,2025-11-12 12:00:06,2025-11-12,False,96
BEATUSDT,2025-11-12 12:15:02,2025-11-12,False,96
PIEVERSEUSDT,2025-11-14 11:30:08,2025-11-14,False,94
SENTUSDT,2025-11-14 12:45:05,2025-11-14,False,94
ZECUSDC,2025-11-19 10:30:24,2025-11-19,False,89
BOBUSDT,2025-11-21 10:45:01,2025-11-21,False,87
IRYSUSDT,2025-11-26 16:00:26,2025-11-26,False,82
RLSUSDT,2025-12-02 10:00:33,2025-12-02,False,76
POWERUSDT,2025-12-06 09:00:10,2025-12-06,False,72
WETUSDT,2025-12-10 07:00:35,2025-12-10,False,68
NIGHTUSDT,2025-12-10 11:00:07,2025-12-10,False,68
XAUUSDT,2025-12-11 08:05:24,2025-12-11,False,67
USUSDT,2025-12-12 10:45:34,2025-12-12,False,66
CYSUSDT,2025-12-12 11:00:04,2025-12-12,False,66
RAVEUSDT,2025-12-14 15:30:07,2025-12-14,False,64
ZKPUSDT,2025-12-21 10:00:42,2025-12-21,False,57
GUAUSDT,2025-12-21 10:15:14,2025-12-21,False,57
IRUSDT,2025-12-21 10:30:12,2025-12-21,False,57
LITUSDT,2025-12-23 17:30:18,2025-12-23,False,55
BREVUSDT,2025-12-30 10:59:06,2025-12-30,False,48
COLLECTUSDT,2025-12-31 13:15:04,2025-12-31,False,47
MAGMAUSDT,2025-12-31 13:30:03,2025-12-31,False,47
XAGUSDT,2026-01-07 10:00:40,2026-01-07,False,40
ZAMAUSDT,2026-01-09 09:00:43,2026-01-09,False,38
FOGOUSDT,2026-01-10 14:00:06,2026-01-10,False,37
FRAXUSDT,2026-01-15 08:00:15,2026-01-15,False,32
SPORTFUNUSDT,2026-01-16 13:45:08,2026-01-16,False,31
ACUUSDT,2026-01-21 12:45:24,2026-01-21,False,26
我踏马来了USDT,2026-01-21 14:30:23,2026-01-21,False,26
ELSAUSDT,2026-01-22 07:25:05,2026-01-22,False,25
SKRUSDT,2026-01-22 10:45:04,2026-01-22,False,25
SPACEUSDT,2026-01-23 11:45:04,2026-01-23,False,24
FIGHTUSDT,2026-01-23 12:15:10,2026-01-23,False,24
TSLAUSDT,2026-01-28 14:30:37,2026-01-28,False,19
BIRBUSDT,2026-01-29 05:15:03,2026-01-29,False,18
GWEIUSDT,2026-01-29 05:30:16,2026-01-29,False,18
XPTUSDT,2026-01-30 10:00:01,2026-01-30,False,17
XPDUSDT,2026-01-30 10:15:40,2026-01-30,False,17
MEGAUSDT,2026-01-30 12:15:21,2026-01-30,False,17
INXUSDT,2026-01-30 19:05:22,2026-01-30,False,17
INTCUSDT,2026-02-02 14:30:12,2026-02-02,False,14
HOODUSDT,2026-02-02 14:45:09,2026-02-02,False,14
TRIAUSDT,2026-02-06 12:15:05,2026-02-06,False,10
MSTRUSDT,2026-02-09 14:30:05,2026-02-09,False,7
AMZNUSDT,2026-02-09 14:40:24,2026-02-09,False,7
CRCLUSDT,2026-02-09 14:50:03,2026-02-09,False,7
COINUSDT,2026-02-09 15:00:12,2026-02-09,False,7
PLTRUSDT,2026-02-09 15:10:17,2026-02-09,False,7
ESPUSDT,2026-02-10 08:10:07,2026-02-10,False,6
AZTECUSDT,2026-02-11 04:30:03,2026-02-11,False,5
